{
  "best_params": {
    "learning_rate": 0.017636839122385756,
    "num_leaves": 41,
    "max_depth": 6,
    "min_child_samples": 48,
    "subsample": 0.9145942595193253,
    "colsample_bytree": 0.6869992472637209,
    "reg_alpha": 0.02099281667769981,
    "reg_lambda": 0.7383710977755072
  },
  "feature_importances": {
    "RSI_14": 64289.997014598455,
    "volume": 31583.837709423155,
    "VMA_20": 11839.124650541693,
    "ATR": 3973.8250259642955,
    "SMA_200": 3650.1174485497177,
    "OBV": 3613.4586251545697,
    "open": 1931.4807693213224,
    "SMA_50": 1675.157719772309,
    "close": 1476.894198808819,
    "SMA_20": 1418.6075694630854,
    "high": 1057.4923908472992,
    "EMA_12": 790.6392844542861,
    "EMA_26": 741.2646157853305,
    "low": 673.8715458996594,
    "signal": 0.0
  },
  "feature_columns": [
    "RSI_14",
    "volume",
    "VMA_20",
    "ATR",
    "SMA_200",
    "OBV",
    "open",
    "SMA_50",
    "close",
    "SMA_20",
    "high",
    "EMA_12",
    "EMA_26",
    "low",
    "signal"
  ]
}